-- テスト用ユーザーの追加
INSERT INTO users (id, email, nickname) VALUES 
  ('11111111-1111-1111-1111-111111111111', 'test@example.com', 'テストユーザー');

-- Push / Pull / Legs 分割のトレーニングメニュー
-- Push Day (胸・肩・上腕三頭筋)
INSERT INTO menus (id, user_id, name) VALUES 
  ('22222222-2222-2222-2222-222222222222', '11111111-1111-1111-1111-111111111111', 'Push Day');

INSERT INTO menu_items (menu_id, exercise, set_order, planned_reps) VALUES
  ('22222222-2222-2222-2222-222222222222', 'ベンチプレス', 1, 8),
  ('22222222-2222-2222-2222-222222222222', 'ベンチプレス', 2, 8),
  ('22222222-2222-2222-2222-222222222222', 'ベンチプレス', 3, 8),
  ('22222222-2222-2222-2222-222222222222', 'インクラインダンベルプレス', 4, 10),
  ('22222222-2222-2222-2222-222222222222', 'インクラインダンベルプレス', 5, 10),
  ('22222222-2222-2222-2222-222222222222', 'インクラインダンベルプレス', 6, 10),
  ('22222222-2222-2222-2222-222222222222', 'ショルダープレス', 7, 10),
  ('22222222-2222-2222-2222-222222222222', 'ショルダープレス', 8, 10),
  ('22222222-2222-2222-2222-222222222222', 'ショルダープレス', 9, 10),
  ('22222222-2222-2222-2222-222222222222', 'トライセプスプッシュダウン', 10, 12),
  ('22222222-2222-2222-2222-222222222222', 'トライセプスプッシュダウン', 11, 12),
  ('22222222-2222-2222-2222-222222222222', 'トライセプスプッシュダウン', 12, 12);

-- Pull Day (背中・上腕二頭筋)
INSERT INTO menus (id, user_id, name) VALUES 
  ('33333333-3333-3333-3333-333333333333', '11111111-1111-1111-1111-111111111111', 'Pull Day');

INSERT INTO menu_items (menu_id, exercise, set_order, planned_reps) VALUES
  ('33333333-3333-3333-3333-333333333333', 'デッドリフト', 1, 5),
  ('33333333-3333-3333-3333-333333333333', 'デッドリフト', 2, 5),
  ('33333333-3333-3333-3333-333333333333', 'デッドリフト', 3, 5),
  ('33333333-3333-3333-3333-333333333333', 'ラットプルダウン', 4, 10),
  ('33333333-3333-3333-3333-333333333333', 'ラットプルダウン', 5, 10),
  ('33333333-3333-3333-3333-333333333333', 'ラットプルダウン', 6, 10),
  ('33333333-3333-3333-3333-333333333333', 'ワンハンドローイング', 7, 10),
  ('33333333-3333-3333-3333-333333333333', 'ワンハンドローイング', 8, 10),
  ('33333333-3333-3333-3333-333333333333', 'ワンハンドローイング', 9, 10),
  ('33333333-3333-3333-3333-333333333333', 'ダンベルカール', 10, 12),
  ('33333333-3333-3333-3333-333333333333', 'ダンベルカール', 11, 12),
  ('33333333-3333-3333-3333-333333333333', 'ダンベルカール', 12, 12);

-- Legs Day (脚・体幹)
INSERT INTO menus (id, user_id, name) VALUES 
  ('44444444-4444-4444-4444-444444444444', '11111111-1111-1111-1111-111111111111', 'Legs Day');

INSERT INTO menu_items (menu_id, exercise, set_order, planned_reps) VALUES
  ('44444444-4444-4444-4444-444444444444', 'スクワット', 1, 8),
  ('44444444-4444-4444-4444-444444444444', 'スクワット', 2, 8),
  ('44444444-4444-4444-4444-444444444444', 'スクワット', 3, 8),
  ('44444444-4444-4444-4444-444444444444', 'レッグプレス', 4, 10),
  ('44444444-4444-4444-4444-444444444444', 'レッグプレス', 5, 10),
  ('44444444-4444-4444-4444-444444444444', 'レッグプレス', 6, 10),
  ('44444444-4444-4444-4444-444444444444', 'レッグエクステンション', 7, 12),
  ('44444444-4444-4444-4444-444444444444', 'レッグエクステンション', 8, 12),
  ('44444444-4444-4444-4444-444444444444', 'レッグエクステンション', 9, 12),
  ('44444444-4444-4444-4444-444444444444', 'レッグカール', 10, 12),
  ('44444444-4444-4444-4444-444444444444', 'レッグカール', 11, 12),
  ('44444444-4444-4444-4444-444444444444', 'レッグカール', 12, 12),
  ('44444444-4444-4444-4444-444444444444', 'カーフレイズ', 13, 15),
  ('44444444-4444-4444-4444-444444444444', 'カーフレイズ', 14, 15),
  ('44444444-4444-4444-4444-444444444444', 'カーフレイズ', 15, 15);

-- サンプルワークアウト
INSERT INTO workouts (id, user_id, menu_id, started_at, note) VALUES
  ('55555555-5555-5555-5555-555555555555', '11111111-1111-1111-1111-111111111111', '22222222-2222-2222-2222-222222222222', NOW() - INTERVAL '2 DAY', '調子良かった');

INSERT INTO sets (workout_id, exercise, set_order, weight_kg, reps, rpe) VALUES
  ('55555555-5555-5555-5555-555555555555', 'ベンチプレス', 1, 60.0, 8, 7.0),
  ('55555555-5555-5555-5555-555555555555', 'ベンチプレス', 2, 65.0, 7, 8.0),
  ('55555555-5555-5555-5555-555555555555', 'ベンチプレス', 3, 65.0, 6, 9.0),
  ('55555555-5555-5555-5555-555555555555', 'インクラインダンベルプレス', 4, 20.0, 10, 7.0),
  ('55555555-5555-5555-5555-555555555555', 'インクラインダンベルプレス', 5, 22.5, 9, 8.0),
  ('55555555-5555-5555-5555-555555555555', 'インクラインダンベルプレス', 6, 22.5, 8, 9.0);
